title,link
Nejlepší boršč s hovězím masem,https://fresh.iprima.cz/recepty/nejlepsi-borsc
Klasický ruský boršč,https://www.vareni.cz/recepty/klasicky-rusky-borsc/
"Boršč, který zahřeje",https://www.kucharkaprodceru.cz/borsc/
Boršč – Wikipedie,https://cs.wikipedia.org/wiki/Bor%C5%A1%C4%8D
Ukrajinský boršč od rodilé Ukrajinky,https://www.recepty.cz/recept/ukrajinsky-borsc-od-rodile-ukrajinky-5872
Ukrajinský boršč,https://www.apetitonline.cz/recepty/ukrajinsky-borsc
Boršč 400g,https://www.bapa.cz/produkty/polevky/polevky/borsc-400g
"The Boršč - Rozvoz jídla, Vyzvednutí, Rezervace",https://theborsch.cz/
Boršč od Antonína,https://www.koreni.cz/recepty/260/borsc-od-antonina
Boršč v plechovce,https://www.vseprokaravan.cz/polevky/borsc-v-plechovce/
